"tweet_id","in_reply_to_status_id","in_reply_to_user_id","timestamp","source","text","retweeted_status_id","retweeted_status_user_id","retweeted_status_timestamp","expanded_urls"
"936632740400656385","","","2017-12-01 16:27:01 +0000","<a href=""http://twitter.com/download/android"" rel=""nofollow"">Twitter for Android</a>","R and python cheat sheets https://t.co/eQ76qtRWDZ","","","","https://twitter.com/Ronald_vanLoon/status/936627338967646208"
"936632288200204288","","","2017-12-01 16:25:13 +0000","<a href=""http://twitter.com/download/android"" rel=""nofollow"">Twitter for Android</a>","The world cup draw is out https://t.co/nXB9mPkaQI","","","","https://twitter.com/EFFCharity/status/936630028959404033"
"936485990985641984","","","2017-12-01 06:43:53 +0000","<a href=""http://twitter.com"" rel=""nofollow"">Twitter Web Client</a>","Completed second course on deep learning from @coursera Thank you so much @AndrewYNg  for putting so great courses. Getting ready to dive into third course.","","","",""
"936303805968261120","","","2017-11-30 18:39:57 +0000","<a href=""http://twitter.com"" rel=""nofollow"">Twitter Web Client</a>","#xaringan Really nice package by @xieyihui while is built on top of remark.js . Much better than other presentation frameworks I used in R.","","","",""
"936303423716073473","","","2017-11-30 18:38:26 +0000","<a href=""http://twitter.com"" rel=""nofollow"">Twitter Web Client</a>","‚ÄúPyTorch vs. TensorFlow: 1 month summary‚Äù by @dqmonn https://t.co/fafdObUvz8","","","","https://towardsdatascience.com/pytorch-vs-tensorflow-1-month-summary-35d138590f9"
"936008246904594432","","","2017-11-29 23:05:30 +0000","<a href=""http://twitter.com"" rel=""nofollow"">Twitter Web Client</a>","RT @apreshill: if you want to use @xieyihui's awesome #xaringan package for #rstats slides but want more #Rladies flavor, there is now a bu‚Ä¶","935973869554487296","3199856542","2017-11-29 20:48:54 +0000","https://twitter.com/apreshill/status/935973869554487296/photo/1,https://twitter.com/apreshill/status/935973869554487296/photo/1,https://twitter.com/apreshill/status/935973869554487296/photo/1"
"936002314325782528","","","2017-11-29 22:41:56 +0000","<a href=""http://twitter.com"" rel=""nofollow"">Twitter Web Client</a>","RT @ipfconline1: How #Bitcoin Works [Infographic]
#Fintech #Blockchain https://t.co/RUtJ5yRFwI","935810722067599360","705539763349164032","2017-11-29 10:00:37 +0000","https://twitter.com/ipfconline1/status/935810722067599360/photo/1,https://twitter.com/ipfconline1/status/935810722067599360/photo/1"
"935994114658648065","","","2017-11-29 22:09:21 +0000","<a href=""http://twitter.com"" rel=""nofollow"">Twitter Web Client</a>","Fantastic goal by Wayne Rooney https://t.co/WUZhWEevD7","","","","http://www.espn.com/video/clip?id=3289979"
"935909443773935617","935865653730217985","229638179","2017-11-29 16:32:54 +0000","<a href=""http://twitter.com/download/android"" rel=""nofollow"">Twitter for Android</a>","@robjhyndman Thank you for these packages. I will try them out soon","","","",""
"935642582100537349","","","2017-11-28 22:52:29 +0000","<a href=""http://twitter.com"" rel=""nofollow"">Twitter Web Client</a>","RT @JesseLingard: I Feel Like Im Hercules üí™üèæ https://t.co/6cJDKMkTWW","935638361204756486","755703497195225088","2017-11-28 22:35:43 +0000","https://twitter.com/JesseLingard/status/935638361204756486/photo/1,https://twitter.com/JesseLingard/status/935638361204756486/photo/1"
"934573148262957056","","","2017-11-26 00:02:56 +0000","<a href=""http://twitter.com/download/android"" rel=""nofollow"">Twitter for Android</a>","A great win by Auburn Tigers. #Auburn","","","",""
"933777577277194240","","","2017-11-23 19:21:37 +0000","<a href=""http://twitter.com/download/android"" rel=""nofollow"">Twitter for Android</a>","RT @larrykim: 5 Incredible People Who Went From Broke to #Billionaire

üî•Jeff Bezos (Amazon)
üî•Jan Koum (WhatsApp)
üî•Howard Schultz (Starbucks‚Ä¶","933667763171745793","17850785","2017-11-23 12:05:16 +0000",""
"933266360498405376","","","2017-11-22 09:30:14 +0000","<a href=""http://twitter.com/download/android"" rel=""nofollow"">Twitter for Android</a>","RT @bloomcommKP: Everyone's a winner with good #scicomm: 'Communication with different audiences can help scientists find connections to ot‚Ä¶","933105910616014848","2395743901","2017-11-21 22:52:40 +0000","https://theconversation.com/new-research-shows-explaining-things-to-normal-people-can-help-scientists-be-better-at-their-jobs-84619"
"933265550674862080","","","2017-11-22 09:27:01 +0000","<a href=""http://twitter.com/download/android"" rel=""nofollow"">Twitter for Android</a>","RT @HeidiBaya: Come work with me @LMU_Muenchen @LMU_Uniklinikum on #stats and #MachineLearning methods üî≠ü§ì Knowledge in #rstats and enthusia‚Ä¶","932670316580687879","532115122","2017-11-20 18:01:46 +0000","https://twitter.com/HeidiBaya/status/932670316580687879/photo/1"
"933264155817140224","933259181947174914","555031989","2017-11-22 09:21:28 +0000","<a href=""http://twitter.com/download/android"" rel=""nofollow"">Twitter for Android</a>","@Ronald_vanLoon That's the great list. How did you order the libraries? Tensorflow is kicking pretty fast.","","","",""
"933262328572780545","","","2017-11-22 09:14:12 +0000","<a href=""http://twitter.com/download/android"" rel=""nofollow"">Twitter for Android</a>","RT @Ronald_vanLoon: Top 15 Python Libraries For Data Science In 2017 | #DataScience #Python #RT https://t.co/X1p4ynKSav https://t.co/IjOILz‚Ä¶","933259181947174914","555031989","2017-11-22 09:01:42 +0000","http://bit.ly/2sWZeqd,http://bit.ly/2sWZeqd,https://twitter.com/Ronald_vanLoon/status/933259181947174914/photo/1"
"933084536182685696","","","2017-11-21 21:27:43 +0000","<a href=""http://twitter.com"" rel=""nofollow"">Twitter Web Client</a>","EFDC+ and EFDC Explorer Training 2017 by @janeshdev from DSI https://t.co/sKSnLca8Ok via @YouTube","","","","https://youtu.be/AKxO-zhBUjI"
"933045144340668416","","","2017-11-21 18:51:12 +0000","<a href=""http://twitter.com"" rel=""nofollow"">Twitter Web Client</a>","RT @Ronald_vanLoon: BIG DATA ANALYTICS AND SENSORS: HOW THEY ARE TRANSFORMING OUR WORLD | #BigData #Analytics #RT https://t.co/MNrejsVpfS h‚Ä¶","933039091591139328","555031989","2017-11-21 18:27:09 +0000","http://bit.ly/2j8KEJ8,http://bit.ly/2j8KEJ8,https://twitter.com/Ronald_vanLoon/status/933039091591139328/photo/1"
"933030692035870720","","","2017-11-21 17:53:46 +0000","<a href=""http://twitter.com"" rel=""nofollow"">Twitter Web Client</a>","What makes an R talk popular? Scraping useR2017 attendance information to find out! https://t.co/fFYo8lhii5 #rstats via @daattali","","","","https://deanattali.com/blog/user2017/"
"932680129477619713","","","2017-11-20 18:40:45 +0000","<a href=""http://twitter.com"" rel=""nofollow"">Twitter Web Client</a>","RT @daattali: Want to learn or improve your #rstats/tidyverse/shiny skills?

Attend the 4-day workshop hosted by myself and @krlmlr in Toro‚Ä¶","932671715129270272","253791979","2017-11-20 18:07:19 +0000","https://www.eventbrite.com/e/modern-r-data-processing-visualization-and-reporting-with-r-tickets-39862492789?aff=deantwitter"
"932427255120199681","932257990253645829","1715370056","2017-11-20 01:55:55 +0000","<a href=""http://twitter.com/download/android"" rel=""nofollow"">Twitter for Android</a>","@MilesMcBain Very interesting approach on tidying the dat","","","",""
"931598824589496320","","","2017-11-17 19:04:02 +0000","<a href=""http://twitter.com"" rel=""nofollow"">Twitter Web Client</a>","Very well put. Data science covers so much https://t.co/iYiFA106S1","","","","https://twitter.com/ipfconline1/status/931598108743610373"
"931592990123966464","","","2017-11-17 18:40:51 +0000","<a href=""http://twitter.com"" rel=""nofollow"">Twitter Web Client</a>","RT @kara_woo: Come be my colleague! My team is hiring a data science content developer. If you like data science and education, check it ou‚Ä¶","931586173608214528","551600672","2017-11-17 18:13:46 +0000","https://www.datacamp.com/careers/736671"
"931592916782292992","916740034425966592","69660252","2017-11-17 18:40:34 +0000","<a href=""http://twitter.com"" rel=""nofollow"">Twitter Web Client</a>","@rajandevkota What is the best part of the book ?","","","",""
"931082635568332800","","","2017-11-16 08:52:53 +0000","<a href=""http://twitter.com"" rel=""nofollow"">Twitter Web Client</a>","Wrote a First Data Science Blog on analyzing fantasy premier league data using R. #rstats  @drob #fantasypremierleague #dataanalysis. 
https://t.co/ob9kAME6x3","","","","https://janeshdevkota.com/2017/11/fantasy-premier-league/"
"930939519725060096","","","2017-11-15 23:24:12 +0000","<a href=""http://twitter.com"" rel=""nofollow"">Twitter Web Client</a>","Amazing https://t.co/4LM6fVlEcb","","","","https://twitter.com/AndrewYNg/status/930938692310482944"
"930579719753306112","","","2017-11-14 23:34:29 +0000","<a href=""http://twitter.com"" rel=""nofollow"">Twitter Web Client</a>","RT @rubeenaa: Depressing to think that there are millions of Nepalis who are not home this Dashain-Tihar, toiling away in a faraway country‚Ä¶","922139879131242496","274931306","2017-10-22 16:37:34 +0000",""
"925820010425065472","","","2017-11-01 20:21:06 +0000","<a href=""http://twitter.com/download/android"" rel=""nofollow"">Twitter for Android</a>","RT @EFDC_Explorer: Check out this 3D visualization example of the Three Gorges Dam: https://t.co/QbIZ2iA1kS","925817113532600321","351972911","2017-11-01 20:09:35 +0000","http://ed.gr/f9gi,http://ed.gr/f9gi"
"922890432467501056","922720847483277312","14788193","2017-10-24 18:20:00 +0000","<a href=""http://twitter.com/download/android"" rel=""nofollow"">Twitter for Android</a>","@lomaspj Moj garnu","","","",""
"916707078441394176","916412004650373121","3230388598","2017-10-07 16:49:33 +0000","<a href=""http://twitter.com/download/android"" rel=""nofollow"">Twitter for Android</a>","@dataandme @rdpeng @seankross @gbwanderson Thanks for letting us know. Going through this book and learning a lot already","","","",""
"914888497076477952","","","2017-10-02 16:23:10 +0000","<a href=""http://twitter.com/download/android"" rel=""nofollow"">Twitter for Android</a>","Really sad to learn about Las Vegas massacre. Gun laws need to change? #LasVegasShooting","","","",""
"913252966475358208","910253473626820609","69660252","2017-09-28 04:04:09 +0000","<a href=""http://twitter.com"" rel=""nofollow"">Twitter Web Client</a>","@rajandevkota That's awesome to know where your blood went","","","",""
"911733029696978944","","","2017-09-23 23:24:28 +0000","<a href=""http://twitter.com/download/android"" rel=""nofollow"">Twitter for Android</a>","RT @paulocoelho: I have a lot of friends that are very poor: the only thing they have is money","911568341059489792","5520952","2017-09-23 12:30:03 +0000",""
"911057031187931136","","","2017-09-22 02:38:17 +0000","<a href=""http://twitter.com/download/android"" rel=""nofollow"">Twitter for Android</a>","RT @DahalTbd: ""‡§µ‡§ø‡§¶‡•ç‡§Ø‡§æ ‡§®‡§∑‡•ç‡§ü, ‡§∏‡•Å‡§®‡•ç‡§¶‡§∞"" ‡§õ ‡§ï‡§æ‡§†‡§Æ‡§æ‡§°‡•å 
‡§Ø‡•ã ‡§´‡•ã‡§π‡§∞ 
‡§ï‡§æ‡§Æ ‡§ó‡§∞‡•ç‡§® ‡§®‡§∏‡§ï‡•ç‡§®‡•á ‡§¶‡§ø‡§Æ‡§æ‡§ó‡§ï‡•ã ‡§™‡•ç‡§∞‡§§‡§ø‡§Æ‡•Å‡§∞‡•ç‡§§‡§ø  ‡§π‡•ã, 
‡§´‡•ã‡§π‡•ã‡§∞ ‡§Æ‡§ø‡§≤‡•ç‡§ï‡§æ‡§â‡§® ‡§∏‡§ï‡§ø‡§®‡•ç‡§õ, 
‡§∞ ‡§§‡•ç‡§Ø‡§∏‡•ç‡§§‡§æ ‡§¶‡§ø‡§Æ‡§æ‡§ó‡§π‚Ä¶","911034065347735554","1041367052","2017-09-22 01:07:02 +0000","https://twitter.com/s_mahat/status/910838530154176513"
"910196262950989824","908684335032750080","3313531039","2017-09-19 17:37:54 +0000","<a href=""http://twitter.com/download/android"" rel=""nofollow"">Twitter for Android</a>","@USGS_R Fantastic","","","",""
"910196239764828161","","","2017-09-19 17:37:48 +0000","<a href=""http://twitter.com/download/android"" rel=""nofollow"">Twitter for Android</a>","RT @USGS_R: Another #rstats #dataviz! Precip and #flooding from #HurricaneIrma üíß #opensource code: https://t.co/rpocPQe7zR #openscience htt‚Ä¶","908684335032750080","3313531039","2017-09-15 13:30:02 +0000","http://github.com/USGS-VIZLAB/hurricane-irma,http://github.com/USGS-VIZLAB/hurricane-irma,https://twitter.com/USGS_R/status/908684335032750080/photo/1"
"909136029835173888","","","2017-09-16 19:24:55 +0000","<a href=""http://twitter.com/download/android"" rel=""nofollow"">Twitter for Android</a>","RT @paulocoelho: Happy week and remember:
You never lose by loving. You always lose by holding back","909128646010564609","5520952","2017-09-16 18:55:34 +0000",""
"908173017515270146","","","2017-09-14 03:38:15 +0000","<a href=""http://twitter.com/download/android"" rel=""nofollow"">Twitter for Android</a>","RT @NRDC: France announced its decision to get rid of oil &amp; gas production by 2040! France, we applaud you. üëèüëè https://t.co/V0HPfo41K7 via‚Ä¶","908163405948866560","18713552","2017-09-14 03:00:03 +0000","http://on.nrdc.org/2f9gqV2,http://on.nrdc.org/2f9gqV2"
"908157956583280641","","","2017-09-14 02:38:24 +0000","<a href=""http://twitter.com/download/android"" rel=""nofollow"">Twitter for Android</a>","RT @rstudio: RStudio v1.1 Preview - The Little Things: https://t.co/mDna7C2huo #rstats","908015008923226112","235261861","2017-09-13 17:10:22 +0000","https://blog.rstudio.com/2017/09/13/rstudio-v1.1---the-little-things,https://blog.rstudio.com/2017/09/13/rstudio-v1.1---the-little-things"
"907400428853350406","907378217069174784","9308212","2017-09-12 00:28:15 +0000","<a href=""http://twitter.com/download/android"" rel=""nofollow"">Twitter for Android</a>","@rdpeng @xieyihui This is a very nice package. I have been using it for several months","","","",""
"907398491080679425","","","2017-09-12 00:20:33 +0000","<a href=""http://twitter.com/download/android"" rel=""nofollow"">Twitter for Android</a>","RT @pgbovine: This is similar in many fields ... https://t.co/96H2QdmbGK","907317068172746752","17773446","2017-09-11 18:57:00 +0000","https://twitter.com/poniewozik/status/907266834877034498,https://twitter.com/poniewozik/status/907266834877034498"
"907398225090490368","907386757720809477","69660252","2017-09-12 00:19:30 +0000","<a href=""http://twitter.com/download/android"" rel=""nofollow"">Twitter for Android</a>","@rajandevkota Aba hernu parcha jasto Cha","","","",""
"907369720453754880","","","2017-09-11 22:26:14 +0000","<a href=""http://twitter.com/download/android"" rel=""nofollow"">Twitter for Android</a>","RT @tomgauld: ‚ÄòUseful abbreviations for the time-pressed online reader‚Äô (for @guardianreview) https://t.co/Kr9dGbobrg","907176391959080960","46090073","2017-09-11 09:38:01 +0000","https://twitter.com/tomgauld/status/907176391959080960/photo/1,https://twitter.com/tomgauld/status/907176391959080960/photo/1"
"907365063962619904","","","2017-09-11 22:07:43 +0000","<a href=""http://twitter.com/download/android"" rel=""nofollow"">Twitter for Android</a>","RT @fema: You should only return home when local officials say it's ok. Keep in mind #Irma may have ongoing impacts &amp; disruptions to daily‚Ä¶","907245481469849600","16669075","2017-09-11 14:12:33 +0000","https://twitter.com/fema/status/907245481469849600/photo/1"
"907270013769453569","","","2017-09-11 15:50:02 +0000","<a href=""http://twitter.com/download/android"" rel=""nofollow"">Twitter for Android</a>","Flying to NYC","","","",""
"907068373862801408","","","2017-09-11 02:28:47 +0000","<a href=""http://twitter.com/download/android"" rel=""nofollow"">Twitter for Android</a>","RT @DrRickKnabb: Continue to stay away from Gulf, bays, all salt water bodies along Florida Gulf coast. Water coming in quickly after cente‚Ä¶","907041332480430080","20031296","2017-09-11 00:41:20 +0000",""
"906587655437131776","","","2017-09-09 18:38:35 +0000","<a href=""http://twitter.com/download/android"" rel=""nofollow"">Twitter for Android</a>","Not good enough #manutdvsstoke #ManUtd","","","",""
"906565798654754817","","","2017-09-09 17:11:44 +0000","<a href=""http://twitter.com/download/android"" rel=""nofollow"">Twitter for Android</a>","RT @SenDuckworth: Just broke my leg rowing ‚Äî I blame my hardcore pace. Luckily, it no longer hurts to break a leg! https://t.co/slTWGx6sMD","905918332490174464","1058520120","2017-09-07 22:18:56 +0000","https://twitter.com/SenDuckworth/status/905918332490174464/photo/1,https://twitter.com/SenDuckworth/status/905918332490174464/photo/1"
"906565608761724928","","","2017-09-09 17:10:58 +0000","<a href=""http://twitter.com/download/android"" rel=""nofollow"">Twitter for Android</a>","RT @Lhatseri: This video is circulating on Wechat &amp; Weibo, melting permafrost, flowing like lava in #Tibet. https://t.co/lKISKIbvAZ","906175294649753600","16588298","2017-09-08 15:20:00 +0000","https://twitter.com/Lhatseri/status/906175294649753600/video/1,https://twitter.com/Lhatseri/status/906175294649753600/video/1"
"905976935041220608","","","2017-09-08 02:11:48 +0000","<a href=""http://twitter.com"" rel=""nofollow"">Twitter Web Client</a>","Joining career coach @ASHLEYSTAHL on her free training to learn resume tips","","","",""
"905844078570496001","905597010719383552","44195788","2017-09-07 17:23:52 +0000","<a href=""http://twitter.com"" rel=""nofollow"">Twitter Web Client</a>","@scheidegger Just tried in on desktop. Works. This is amazing.","","","",""
"905843318982033409","","","2017-09-07 17:20:51 +0000","<a href=""http://twitter.com"" rel=""nofollow"">Twitter Web Client</a>","RT @scheidegger: oh my god I can now talk math on facebook messenger. this changes everythingggggggg https://t.co/aZzqVbUhF6","905597010719383552","44195788","2017-09-07 01:02:07 +0000","https://twitter.com/scheidegger/status/905597010719383552/photo/1,https://twitter.com/scheidegger/status/905597010719383552/photo/1"
"905842575365423104","904899937627906049","1279362427","2017-09-07 17:17:54 +0000","<a href=""http://twitter.com"" rel=""nofollow"">Twitter Web Client</a>","@NamrataaS where can we watch this theater play ?","","","",""
"905620036928147456","","","2017-09-07 02:33:37 +0000","<a href=""http://twitter.com/download/android"" rel=""nofollow"">Twitter for Android</a>","RT @romain_francois: #funwithflags 
emo::jis %&gt;% 
   filter( category == ""Flags"" &amp; vendor_apple ) %&gt;% 
   pull( emoji ) %&gt;% 
   paste( coll‚Ä¶","905537589175869441","377578645","2017-09-06 21:05:59 +0000","https://twitter.com/romain_francois/status/905537589175869441/photo/1"
"905514889652748288","","","2017-09-06 19:35:48 +0000","<a href=""http://twitter.com"" rel=""nofollow"">Twitter Web Client</a>","RT @itsjustolmos: ""Tell Cersei. I want her to know it was me."" https://t.co/xlNzVlwWVf","904802256851218436","5293842","2017-09-04 20:24:03 +0000","https://twitter.com/itsjustolmos/status/904802256851218436/photo/1,https://twitter.com/itsjustolmos/status/904802256851218436/photo/1"
"905498192619425792","905400185953636352","16497594","2017-09-06 18:29:27 +0000","<a href=""http://twitter.com"" rel=""nofollow"">Twitter Web Client</a>","@codecentric @ShirinGlander This is a very interesting article @ShirinGlander . Thanks for sharing.","","","",""
"889939255333535744","","","2017-07-25 20:03:47 +0000","<a href=""http://twitter.com"" rel=""nofollow"">Twitter Web Client</a>","RT @rioferdy5: Yesssss my man @CH14_ ... welcome back to the @premierleague üôåüèΩ‚öí #Goals https://t.co/ekoTgwGSJL","889792398875914242","155927976","2017-07-25 10:20:14 +0000","https://twitter.com/westhamutd/status/889789438997528576,https://twitter.com/westhamutd/status/889789438997528576"
"868192268791889920","","","2017-05-26 19:49:01 +0000","<a href=""http://twitter.com"" rel=""nofollow"">Twitter Web Client</a>","RT @MasonCrossBooks: My daughter actually submitted this feedback at school. Not sure if I should ground her or buy her ice cream... https:‚Ä¶","867687194718351360","1381485247","2017-05-25 10:22:02 +0000","https://twitter.com/MasonCrossBooks/status/867687194718351360/photo/1"
"847118331207303169","847107837830549510","558797310","2017-03-29 16:08:43 +0000","<a href=""http://twitter.com"" rel=""nofollow"">Twitter Web Client</a>","@ManUtd @BSchweinsteiger @ChicagoFire Best of luck bastian.","","","",""
"821038590322831361","","","2017-01-16 16:57:08 +0000","<a href=""http://twitter.com"" rel=""nofollow"">Twitter Web Client</a>","RT @EFDC_Explorer: Get your free grid of the #PersianGulf, critical to the world economy &amp; understanding #oiltransport hazards. https://t.c‚Ä¶","818870082600398855","351972911","2017-01-10 17:20:16 +0000","http://www.efdc-explorer.com/resources/coastal-grids/persian-gulf-middle-east.html,https://twitter.com/EFDC_Explorer/status/818870082600398855/photo/1"
"821038407660863490","","","2017-01-16 16:56:25 +0000","<a href=""http://twitter.com"" rel=""nofollow"">Twitter Web Client</a>","RT @EFDC_Explorer: Panel discussion at @Battelle #sediments17 conference: Advances in Sediment Remediation https://t.co/NnEHGKko4s","818931410828480512","351972911","2017-01-10 21:23:58 +0000","https://twitter.com/EFDC_Explorer/status/818931410828480512/photo/1,https://twitter.com/EFDC_Explorer/status/818931410828480512/photo/1"
"821038019457126400","","","2017-01-16 16:54:52 +0000","<a href=""http://twitter.com"" rel=""nofollow"">Twitter Web Client</a>","RT @Battelle: Closing session at @Battelle #sediments17 conference https://t.co/qoX1rm2hA7","819661110341206017","74748331","2017-01-12 21:43:31 +0000","https://twitter.com/Battelle/status/819661110341206017/photo/1,https://twitter.com/Battelle/status/819661110341206017/photo/1"
"821037986443706369","","","2017-01-16 16:54:44 +0000","<a href=""http://twitter.com"" rel=""nofollow"">Twitter Web Client</a>","RT @EFDC_Explorer: Improve efficiency of #hydrodynamic &amp; #waterquality modeling projects. Get a free trial of EFDC_Explorer8.2 https://t.co‚Ä¶","821024469942734848","351972911","2017-01-16 16:01:02 +0000","http://www.efdc-explorer.com/efdc-explorer,https://twitter.com/EFDC_Explorer/status/821024469942734848/photo/1"
"798282715384541187","","","2016-11-14 21:53:25 +0000","<a href=""http://twitter.com"" rel=""nofollow"">Twitter Web Client</a>","RT @EFDC_Explorer: How a Billion Oysters Are Set to Change New York‚Äôs Harbor https://t.co/Lx95mtfQjJ","798269479365079040","351972911","2016-11-14 21:00:49 +0000","http://observer.com/2016/07/how-a-billion-oysters-are-set-to-change-new-yorks-harbor/#.WCnvm1AHvd0.twitter,http://observer.com/2016/07/how-a-billion-oysters-are-set-to-change-new-yorks-harbor/#.WCnvm1AHvd0.twitter"
"771811207942549505","","","2016-09-02 20:45:06 +0000","<a href=""http://twitter.com"" rel=""nofollow"">Twitter Web Client</a>","Hot $1 Deals in Exchange for Your Honest Review - Amazing Deals Group! https://t.co/91hHU4zkNu via @sharethis","","","","https://shar.es/1wwDg4"
"760699251034886144","","","2016-08-03 04:50:09 +0000","<a href=""http://twitter.com"" rel=""nofollow"">Twitter Web Client</a>","Great offer from ringplus. Eligibility Requirement: 250 LTE MB Bonus: Paste the link to your positive forum review or Twitter post.","","","",""
"754041336693526528","","","2016-07-15 19:53:58 +0000","<a href=""http://twitter.com"" rel=""nofollow"">Twitter Web Client</a>","RT @EFDC_Explorer: EE8.1 is now available with new SEDZLJ Sediment Model Display &amp; Offline/Dongle Activation https://t.co/SPm401efnw #EFDC‚Ä¶","753970557973106688","351972911","2016-07-15 15:12:43 +0000","http://www.efdc-explorer.com/efdc-explorer,http://www.efdc-explorer.com/efdc-explorer"
"754041325184364544","","","2016-07-15 19:53:55 +0000","<a href=""http://twitter.com"" rel=""nofollow"">Twitter Web Client</a>","RT @EFDC_Explorer: Current EE8 users or those with active maintenance, download 8.1 now at no cost. To upgrade from an older version, conta‚Ä¶","753971211105923072","351972911","2016-07-15 15:15:19 +0000",""
"754041271862210560","","","2016-07-15 19:53:43 +0000","<a href=""http://twitter.com"" rel=""nofollow"">Twitter Web Client</a>","RT @EFDC_Explorer: Join our free training on EFDC_Explorer/EFDC+ Modeling System led by developer Paul Craig. Edmonds, WA 12-16 Sept https:‚Ä¶","743885022881583104","351972911","2016-06-17 19:16:24 +0000","http://www.efdc-explorer.com/support/training.html"
"713010842363531264","713008064320901120","558797310","2016-03-24 14:33:26 +0000","<a href=""http://twitter.com/download/android"" rel=""nofollow"">Twitter for Android</a>","@ManUtd Diego forlan","","","",""
"712711318667571200","","","2016-03-23 18:43:14 +0000","<a href=""http://twitter.com"" rel=""nofollow"">Twitter Web Client</a>","RT @EFDC_Explorer: Sydney Harbor animation using #EFDC_Explorer with labels, bridges, Opera House. https://t.co/B9cGCN580X","712710174914424832","351972911","2016-03-23 18:38:41 +0000","https://www.youtube.com/watch?v=X353GFUiVHE&ab_channel=EFDCExplorer,https://www.youtube.com/watch?v=X353GFUiVHE&ab_channel=EFDCExplorer"
"711600156249038849","","","2016-03-20 17:07:52 +0000","<a href=""https://my.ringplus.net"" rel=""nofollow"">RingPlus</a>","I'm getting an incredible amount of free cellphone service - all from https://t.co/ChX0Jg1GYX! Thanks @ringplusmobile!","","","","http://ringplus.net"
"710859546193842176","","","2016-03-18 16:04:57 +0000","<a href=""http://twitter.com"" rel=""nofollow"">Twitter Web Client</a>","I think it's time for Louis Van Gaal to go.","","","",""
"710510790793531393","710450834484686850","1283561876","2016-03-17 16:59:07 +0000","<a href=""http://twitter.com"" rel=""nofollow"">Twitter Web Client</a>","@BSchweinsteiger Good luck Bastian.","","","",""
"709876462900228096","","","2016-03-15 22:58:32 +0000","<a href=""http://twitter.com"" rel=""nofollow"">Twitter Web Client</a>","RT @EFDC_Explorer: Sydney Harbor flyover using EFDC_Explorer. 

https://t.co/KMrUVcsQ3k","709874113985130496","351972911","2016-03-15 22:49:12 +0000","https://www.youtube.com/watch?v=LdPMeWizoTA&ab_channel=EFDCExplorer,https://www.youtube.com/watch?v=LdPMeWizoTA&ab_channel=EFDCExplorer"
"707693330415489026","707659395006664707","558797310","2016-03-09 22:23:32 +0000","<a href=""http://twitter.com/download/android"" rel=""nofollow"">Twitter for Android</a>","@ManUtd no Kathmandu, Nepal ?","","","",""
"707648836722753536","","","2016-03-09 19:26:44 +0000","<a href=""http://twitter.com"" rel=""nofollow"">Twitter Web Client</a>","Awesome the new EE8 is out with significant improvement and lots of exciting features. https://t.co/0Pxr7T8VB8","","","","https://twitter.com/EFDC_Explorer/status/707648426779906048"
"706923217840017408","","","2016-03-07 19:23:23 +0000","<a href=""http://twitter.com"" rel=""nofollow"">Twitter Web Client</a>","#AmexCarrabbas","","","",""
"706508964641411072","706504171806023680","558797310","2016-03-06 15:57:18 +0000","<a href=""http://twitter.com/download/android"" rel=""nofollow"">Twitter for Android</a>","@ManUtd really that's what you say good work ?","","","",""
"705155122490245124","","","2016-03-02 22:17:37 +0000","<a href=""http://twitter.com"" rel=""nofollow"">Twitter Web Client</a>","RT @ManUtd: Retweet to vote for @SchneiderlinMo4 as #mufc's Man of the Match v Watford. https://t.co/4sZZLf5M4Z","705149311903014912","558797310","2016-03-02 21:54:31 +0000","https://twitter.com/ManUtd/status/705149311903014912/photo/1,https://twitter.com/ManUtd/status/705149311903014912/photo/1"
"705155093868359680","","","2016-03-02 22:17:30 +0000","<a href=""http://twitter.com"" rel=""nofollow"">Twitter Web Client</a>","RT @ManUtd: Retweet to vote for @JuanMata8 as #mufc's Man of the Match v Watford. https://t.co/0hEkHa97sD","705149129740132353","558797310","2016-03-02 21:53:48 +0000","https://twitter.com/ManUtd/status/705149129740132353/photo/1,https://twitter.com/ManUtd/status/705149129740132353/photo/1"
"705154941740982272","","","2016-03-02 22:16:53 +0000","<a href=""http://twitter.com"" rel=""nofollow"">Twitter Web Client</a>","RT @ManUtd: There's nothing quite like a late #mufc winner - well played, @JuanMata8! üëå https://t.co/AUuZl4iJgZ","705152003215892480","558797310","2016-03-02 22:05:13 +0000","https://twitter.com/ManUtd/status/705152003215892480/photo/1,https://twitter.com/ManUtd/status/705152003215892480/photo/1,https://twitter.com/ManUtd/status/705152003215892480/photo/1,https://twitter.com/ManUtd/status/705152003215892480/photo/1,https://twitter.com/ManUtd/status/705152003215892480/photo/1,https://twitter.com/ManUtd/status/705152003215892480/photo/1,https://twitter.com/ManUtd/status/705152003215892480/photo/1,https://twitter.com/ManUtd/status/705152003215892480/photo/1"
"703264246201618433","","","2016-02-26 17:03:56 +0000","<a href=""http://twitter.com"" rel=""nofollow"">Twitter Web Client</a>","RT @EFDC_Explorer: Create georeferenced maps in #CVLGrid and @EFDC_Explorer to visualize backgroud maps in EFDC model https://t.co/A0pZX5Ss‚Ä¶","703264066014302208","351972911","2016-02-26 17:03:14 +0000","https://www.youtube.com/watch?v=URDI1LP_McI&ab_channel=EFDCExplorer"
"702532431488782337","","","2016-02-24 16:35:58 +0000","<a href=""http://twitter.com"" rel=""nofollow"">Twitter Web Client</a>","RT @EFDC_Explorer: How to videos on EFDC_Explorer  https://t.co/kbGqIkpX12. These will be great resource to getting started with EFDC and @‚Ä¶","702531954822897666","351972911","2016-02-24 16:34:05 +0000","https://www.youtube.com/playlist?list=PLDdqtlbD-U1zfcvK7Bx8TcNfmnwn0-zCM&ab_channel=EFDCExplorer,https://www.youtube.com/playlist?list=PLDdqtlbD-U1zfcvK7Bx8TcNfmnwn0-zCM&ab_channel=EFDCExplorer"
"697825311015047169","","","2016-02-11 16:51:33 +0000","<a href=""http://twitter.com"" rel=""nofollow"">Twitter Web Client</a>","RT @tveitdal: Australian super funds lose $5.6 billion on fossil fuel investments https://t.co/20ydyNiGr2 https://t.co/Yr5X1Gi6BW","697820950604222464","75742264","2016-02-11 16:34:14 +0000","http://reneweconomy.com.au/2016/australian-super-funds-lose-5-6-billion-on-fossil-fuel-investments-76239,https://twitter.com/tveitdal/status/697820950604222464/photo/1,http://reneweconomy.com.au/2016/australian-super-funds-lose-5-6-billion-on-fossil-fuel-investments-76239,https://twitter.com/tveitdal/status/697820950604222464/photo/1"
"697577710009200640","697576146452529152","1390094640","2016-02-11 00:27:41 +0000","<a href=""http://twitter.com"" rel=""nofollow"">Twitter Web Client</a>","@EdPerezLive Interesting ones.","","","",""
"697201648020553728","","","2016-02-09 23:33:20 +0000","<a href=""http://twitter.com"" rel=""nofollow"">Twitter Web Client</a>","RT @EFDC_Explorer: Use ""F2"" button on @EFDC_Explorer to find the context specific hot-key actions. https://t.co/72HuGXBR8D https://t.co/E0t‚Ä¶","697198823068708864","351972911","2016-02-09 23:22:07 +0000","http://www.efdc-explorer.com/support/newsletters/efdc-explorer-did-you-know-2015-06-20.html,http://www.efdc-explorer.com/support/newsletters/efdc-explorer-did-you-know-2015-06-20.html,https://twitter.com/EFDC_Explorer/status/697198823068708864/photo/1,https://twitter.com/EFDC_Explorer/status/697198823068708864/photo/1"
"693098709232459777","","","2016-01-29 15:49:44 +0000","<a href=""http://twitter.com/download/android"" rel=""nofollow"">Twitter for Android</a>","RT @ManUtd: Former #mufc defender Nemanja Vidic has announced his retirement from football. Thanks for the memories! #VivaVidic https://t.c‚Ä¶","693041251487240192","558797310","2016-01-29 12:01:25 +0000","https://twitter.com/ManUtd/status/693041251487240192/photo/1,https://twitter.com/ManUtd/status/693041251487240192/photo/1,https://twitter.com/ManUtd/status/693041251487240192/photo/1,https://twitter.com/ManUtd/status/693041251487240192/photo/1"
"693091466285940736","","","2016-01-29 15:20:57 +0000","<a href=""http://twitter.com/download/android"" rel=""nofollow"">Twitter for Android</a>","RT @Drsudhamshu: ‡§®‡•á‡§™‡§æ‡§≤‡•Ä U19 ‡§ü‡•ã‡§≤‡•Ä‡§≤‡•á ‡§≠‡§æ‡§∞‡§§‡§≤‡§æ‡§à ‡§ú‡§ø‡§§‡•á‡§Æ‡§æ ‡§∏‡§Ç‡§™‡•Ç‡§∞‡•ç‡§£ ‡§ñ‡•á‡§≤‡§æ‡§°‡•Ä ‡§π‡§∞‡•Å‡§≤‡§æ‡§à ‡§ú‡§ø‡§®‡•ç‡§¶‡§ó‡•Ä ‡§≠‡§∞‡•Ä ‡§Æ‡•á‡§∞‡•ã ‡§ï‡•ç‡§≤‡§ø‡§®‡§ø‡§ï‡§Æ‡§æ ‡§®‡§ø‡§∂‡•Å‡§≤‡•ç‡§ï ‡§â‡§™‡§ö‡§æ‡§∞‡§ï‡•ã ‡§ò‡•ã‡§∑‡§£‡§æ ‡§ó‡§∞‡•ç‡§¶‡§õ‡•Å ‡•§","692721505583697921","1264983847","2016-01-28 14:50:51 +0000",""
"692422184896049153","","","2016-01-27 19:01:28 +0000","<a href=""http://twitter.com"" rel=""nofollow"">Twitter Web Client</a>","RT @NOAA: Heads up, #students: NOAA #Undergrad #Scholarship applications deadline is 1/29. Don't forget to submit yours: https://t.co/4P5u9‚Ä¶","692421178686836736","14342564","2016-01-27 18:57:28 +0000","http://www.oesd.noaa.gov/scholarships/"
"692409578609328129","","","2016-01-27 18:11:22 +0000","<a href=""http://twitter.com"" rel=""nofollow"">Twitter Web Client</a>","RT @washingtonpost: Murder was up 17 percent in America's biggest cities last year https://t.co/z4EF508jxn https://t.co/FbnmUaZ681","692404214652391424","2467791","2016-01-27 17:50:03 +0000","http://wapo.st/1nyoWix,https://twitter.com/washingtonpost/status/692404214652391424/photo/1,http://wapo.st/1nyoWix,https://twitter.com/washingtonpost/status/692404214652391424/photo/1"
"692408991725555713","692406999615668224","54424058","2016-01-27 18:09:02 +0000","<a href=""http://twitter.com"" rel=""nofollow"">Twitter Web Client</a>","@SFWMD @JaxStrong Thank you SFWMWD. I think these links would be useful for me.","","","",""
"692408662476873728","692407353577213952","50683217","2016-01-27 18:07:44 +0000","<a href=""http://twitter.com"" rel=""nofollow"">Twitter Web Client</a>","@JaxStrong Thank you for these link. I will try to look into these link. An easier way to extract just data time series would be helpful.","","","",""
"692406616226975750","692406268418482177","50683217","2016-01-27 17:59:36 +0000","<a href=""http://twitter.com"" rel=""nofollow"">Twitter Web Client</a>","@JaxStrong I am interested in lake level and water quality data if available.","","","",""
"692405213492162560","692404617255239680","50683217","2016-01-27 17:54:01 +0000","<a href=""http://twitter.com"" rel=""nofollow"">Twitter Web Client</a>","@JaxStrong while I saw the daily report there but is there any way to view long term data for example a month of data from yesterday ?","","","",""
"692402761967747072","","","2016-01-27 17:44:17 +0000","<a href=""http://twitter.com"" rel=""nofollow"">Twitter Web Client</a>","RT @SFWMD_EM: Water managers are adjusting the regional flood control system as needed to accept runoff from secondary canals. https://t.co‚Ä¶","692350744884858880","2463179851","2016-01-27 14:17:35 +0000","https://twitter.com/SFWMD_EM/status/692350744884858880/photo/1"
"692402324002738176","692380040667996161","50683217","2016-01-27 17:42:32 +0000","<a href=""http://twitter.com"" rel=""nofollow"">Twitter Web Client</a>","@JaxStrong @SFWMD Is lake okeechobee continuous monitoring data available to public ?","","","",""
"692023705153581057","","","2016-01-26 16:38:03 +0000","<a href=""http://twitter.com"" rel=""nofollow"">Twitter Web Client</a>","RT @ASteiner: A tragic year for rhinos in Africa. 2015 saw a record high number poached on the continent. https://t.co/EInQC0tCVL https://t‚Ä¶","691944129765470208","3232924232","2016-01-26 11:21:50 +0000","http://www.nature.com/news/worst-year-ever-for-rhino-poaching-in-africa-1.19225,http://www.nature.com/news/worst-year-ever-for-rhino-poaching-in-africa-1.19225,https://twitter.com/ASteiner/status/691944129765470208/photo/1"
"691672340590043139","","","2016-01-25 17:21:51 +0000","<a href=""http://twitter.com"" rel=""nofollow"">Twitter Web Client</a>","RT @EFDC_Explorer: A great video to getting started with @EFDC_Explorer software. Reliable environmental modeling using #EE https://t.co/GA‚Ä¶","691670858780127232","351972911","2016-01-25 17:15:58 +0000","https://youtu.be/Pn2WJecxgx0"
"691000980435931136","","","2016-01-23 20:54:06 +0000","<a href=""http://twitter.com/download/android"" rel=""nofollow"">Twitter for Android</a>","United is so boring to watch.  #lvgout","","","",""
"690588223177752577","","216299334","2016-01-22 17:33:57 +0000","<a href=""http://twitter.com"" rel=""nofollow"">Twitter Web Client</a>","@piersmorgan Did you ever win premier league for 8 years when RVP was in Arsenal ?","","","",""
"690295921976864768","","","2016-01-21 22:12:27 +0000","<a href=""http://twitter.com"" rel=""nofollow"">Twitter Web Client</a>","RT @ClimateReality: MT @ClimateCentral: 2015 blew away the competition for record heat https://t.co/nMBd1YuqLU  https://t.co/2Z1wlXTnNI","690295656049672194","16958346","2016-01-21 22:11:24 +0000","http://buff.ly/1WuAcIq,https://twitter.com/ClimateCentral/status/689871264039723008/photo/1,http://buff.ly/1WuAcIq,https://twitter.com/ClimateCentral/status/689871264039723008/photo/1"
"690263080605917184","","","2016-01-21 20:01:57 +0000","<a href=""http://twitter.com"" rel=""nofollow"">Twitter Web Client</a>","Free EFDC training. That's great opportunity.  https://t.co/xKdTrpjdCp","","","","https://twitter.com/EFDC_Explorer/status/690262774358761472"
"690253821214257152","","","2016-01-21 19:25:09 +0000","<a href=""http://twitter.com"" rel=""nofollow"">Twitter Web Client</a>","RT @ASteiner: 2015 was the warmest year on record. We can keep debating facts or act on #climatechange now https://t.co/B6lG3N5MPp https://‚Ä¶","690125972616642561","3232924232","2016-01-21 10:57:08 +0000","http://www.ncdc.noaa.gov/sotc/summary-info/global/201512,http://www.ncdc.noaa.gov/sotc/summary-info/global/201512,https://twitter.com/ASteiner/status/690125972616642561/photo/1"
"690242607696326656","","","2016-01-21 18:40:36 +0000","<a href=""http://twitter.com"" rel=""nofollow"">Twitter Web Client</a>","RT @EFDC_Explorer: Use @EFDC_Explorer software to automatically triangularize the grid cells in #EFDC model.  https://t.co/BPQO27ykYu https‚Ä¶","690241940525215744","351972911","2016-01-21 18:37:57 +0000","http://www.efdc-explorer.com/support/newsletters/efdc-explorer-did-you-know-2015-07-10.html,http://www.efdc-explorer.com/support/newsletters/efdc-explorer-did-you-know-2015-07-10.html,https://twitter.com/EFDC_Explorer/status/690241940525215744/photo/1"
"689593405731536896","689593194313601030","1877831","2016-01-19 23:40:54 +0000","<a href=""http://twitter.com"" rel=""nofollow"">Twitter Web Client</a>","@nytimesworld that husband should be punished publicly. The world has gone insane.","","","",""
"689142239755280384","","","2016-01-18 17:48:08 +0000","<a href=""http://twitter.com"" rel=""nofollow"">Twitter Web Client</a>","RT @MLKDay: What matters to you on this #MLKDay? Share your #service story. https://t.co/XT8r544ZZs","689095500721704961","17001730","2016-01-18 14:42:24 +0000","https://twitter.com/MLKDay/status/689095500721704961/photo/1,https://twitter.com/MLKDay/status/689095500721704961/photo/1"
"689125244036976640","","","2016-01-18 16:40:36 +0000","<a href=""http://twitter.com"" rel=""nofollow"">Twitter Web Client</a>","RT @TIME: Avalanche kills 5 soldiers in French Alps https://t.co/9obSAxvmet","689124854046572545","14293310","2016-01-18 16:39:03 +0000","http://ti.me/1QiwBwk,http://ti.me/1QiwBwk"
"688781514964729856","","","2016-01-17 17:54:44 +0000","<a href=""http://twitter.com/download/android"" rel=""nofollow"">Twitter for Android</a>","A sweet victory against Liverpool #UnitedvsLiverpool","","","",""
"688766888617357312","","","2016-01-17 16:56:37 +0000","<a href=""http://twitter.com/download/android"" rel=""nofollow"">Twitter for Android</a>","Reports: ISIS kills scores in Syria
https://t.co/ByCTBryI7N","","","","http://www.cnn.com/2016/01/16/middleeast/syria-isis-attack/index.html"
"688737251992338433","688735745775898624","558797310","2016-01-17 14:58:51 +0000","<a href=""http://twitter.com"" rel=""nofollow"">Twitter Web Client</a>","@ManUtd I didn't see any passion on players. Why do you sound like United played a great half ? I am so diasppointed with this performance.","","","",""
"688731795261534210","688731651162161152","2525096743","2016-01-17 14:37:10 +0000","<a href=""http://twitter.com"" rel=""nofollow"">Twitter Web Client</a>","@ManUtd1__ No midfield players receiving the ball.","","","",""
"688731617741807617","688731418025918469","558797310","2016-01-17 14:36:28 +0000","<a href=""http://twitter.com"" rel=""nofollow"">Twitter Web Client</a>","@ManUtd What a waste of team. Van Gaal needs to go and a bunch of players.","","","",""
"688730157553561601","","","2016-01-17 14:30:40 +0000","<a href=""http://twitter.com"" rel=""nofollow"">Twitter Web Client</a>","Really bad team choice by VanGaal. They are playing awful for first 25 minutes. #ManUtdvsLiverpool #2016-01-17","","","",""
"688628173689389056","","","2016-01-17 07:45:25 +0000","<a href=""http://twitter.com/download/android"" rel=""nofollow"">Twitter for Android</a>","Looking forward to Manchester United and Liverpool game. Hoping for United victory.","","","",""
"688268597701906432","","","2016-01-16 07:56:35 +0000","<a href=""http://twitter.com"" rel=""nofollow"">Twitter Web Client</a>","Burkina Faso terror: Security forces raid besieged hotel, free 63 hostages @CNN https://t.co/6j545cana9","","","","http://cnn.it/1RV0RNQ"
"688043783771009025","687982620878090241","29856819","2016-01-15 17:03:15 +0000","<a href=""http://twitter.com"" rel=""nofollow"">Twitter Web Client</a>","@theRealKiyosaki first word : overcome second word: market","","","",""
"686647346612969472","","","2016-01-11 20:34:19 +0000","<a href=""http://twitter.com"" rel=""nofollow"">Twitter Web Client</a>","RT @Cristiano: Wonderful team! üîùüëå‚öΩÔ∏èüëç https://t.co/o02KmJr76b","686646593408372737","155659213","2016-01-11 20:31:19 +0000","https://twitter.com/Cristiano/status/686646593408372737/photo/1,https://twitter.com/Cristiano/status/686646593408372737/photo/1"
"686644019615547392","","","2016-01-11 20:21:06 +0000","<a href=""http://twitter.com"" rel=""nofollow"">Twitter Web Client</a>","These teens deserve punishment. 4 teens arrested in alleged gang rape of 18-year-old in Brooklyn playground @CNN https://t.co/vJ62Pl4lYx","","","","http://cnn.it/1OlM4qN"
"686642857722052608","686642008878755841","216299334","2016-01-11 20:16:29 +0000","<a href=""http://twitter.com"" rel=""nofollow"">Twitter Web Client</a>","@piersmorgan You will complain no matter how well Arsene and Arsenal are doing. Complaining is part of your job.","","","",""
"686642285015007233","686421613483548673","807095","2016-01-11 20:14:12 +0000","<a href=""http://twitter.com"" rel=""nofollow"">Twitter Web Client</a>","@nytimes @RoyPrice Netflix 0 ?","","","",""
"686636003759501312","","","2016-01-11 19:49:15 +0000","<a href=""http://twitter.com"" rel=""nofollow"">Twitter Web Client</a>","RT @brigittetwiits: Has your experience at a #sporting event ever been impaired by the people around you?
Answer not below = PM me","686623421426483200","3387549078","2016-01-11 18:59:15 +0000",""
"686624888300281856","686624647429931008","2467791","2016-01-11 19:05:04 +0000","<a href=""http://twitter.com"" rel=""nofollow"">Twitter Web Client</a>","@washingtonpost That's so heartbreaking. Nobody has right to kill anyone even your own child.","","","",""
"686623978182410240","","","2016-01-11 19:01:27 +0000","<a href=""http://twitter.com"" rel=""nofollow"">Twitter Web Client</a>","Congratulations to Lionel Messi for winning 5th Balloon D'or.","","","",""
"686395492415111168","","","2016-01-11 03:53:32 +0000","<a href=""http://twitter.com/download/android"" rel=""nofollow"">Twitter for Android</a>","RT @MartianMovie: Congrats to Matt Damon for the Golden Globes Best Actor win! Now Bring It Home. https://t.co/QfwnAIFWSw","686368913668476929","2931648200","2016-01-11 02:07:55 +0000","https://cards.twitter.com/cards/18ce53za1yo/1cn3l,https://cards.twitter.com/cards/18ce53za1yo/1cn3l"
"686394816549109760","686390409908465664","1568130360","2016-01-11 03:50:51 +0000","<a href=""http://twitter.com/download/android"" rel=""nofollow"">Twitter for Android</a>","@Annapurna_Post don't understand why it takes so long to reward national heroes","","","",""
"686294202406178816","","","2016-01-10 21:11:03 +0000","<a href=""http://twitter.com/download/android"" rel=""nofollow"">Twitter for Android</a>","Seahawks won the impossible","","","",""
"686262776533143552","","","2016-01-10 19:06:10 +0000","<a href=""http://twitter.com/download/android"" rel=""nofollow"">Twitter for Android</a>","Why didn't they attempt a field goal? #SEAvsMIN","","","",""
"686257107797032963","","","2016-01-10 18:43:39 +0000","<a href=""http://twitter.com/download/android"" rel=""nofollow"">Twitter for Android</a>","Let's go Seahawks #SEAvsMIN","","","",""
"686118487106785280","686110265398571009","558797310","2016-01-10 09:32:49 +0000","<a href=""http://twitter.com/download/android"" rel=""nofollow"">Twitter for Android</a>","@ManUtd that was an awesome signing.  He was such a beast.","","","",""
"685983462189207552","685981903715971072","14293310","2016-01-10 00:36:16 +0000","<a href=""http://twitter.com"" rel=""nofollow"">Twitter Web Client</a>","@TIME These days all these media companies want is click to their webpages.","","","",""
"685893707246080000","","558797310","2016-01-09 18:39:37 +0000","<a href=""http://twitter.com"" rel=""nofollow"">Twitter Web Client</a>","@ManUtd in missing @youngy18 so bad today . #MUNvsSHEFF","","","",""
"685892019571408896","","","2016-01-09 18:32:55 +0000","<a href=""http://twitter.com/download/android"" rel=""nofollow"">Twitter for Android</a>","RT @AP: Sickening stench from natural gas leak in California has driven thousands of residents away: https://t.co/XjKC3yMFOS","685891561507389440","51241574","2016-01-09 18:31:06 +0000","http://apne.ws/1n9Q86P,http://apne.ws/1n9Q86P"
"685891789090242560","685891561507389440","51241574","2016-01-09 18:32:00 +0000","<a href=""http://twitter.com"" rel=""nofollow"">Twitter Web Client</a>","@AP Heard it takes about a week to completely get rid of. Unfortunate part is it is not visible through naked eyes. Hoping for resolution.","","","",""
"685887052974391296","","285332860","2016-01-09 18:13:11 +0000","<a href=""http://twitter.com"" rel=""nofollow"">Twitter Web Client</a>","@WayneRooney seems sharp today. #MUNvsSHEFF","","","",""
"685886403264131072","685886264487350273","807095","2016-01-09 18:10:36 +0000","<a href=""http://twitter.com"" rel=""nofollow"">Twitter Web Client</a>","@nytimes Really ? My wife's and mine are different. Is that good ?","","","",""
"685885582413725698","685883953090301952","558797310","2016-01-09 18:07:20 +0000","<a href=""http://twitter.com"" rel=""nofollow"">Twitter Web Client</a>","@ManUtd @juanmata8 The dominance in possession has given nothing so far. The way we are playing we would probably end up with a draw.","","","",""
"685885388976603136","685884595208847361","216299334","2016-01-09 18:06:34 +0000","<a href=""http://twitter.com"" rel=""nofollow"">Twitter Web Client</a>","@piersmorgan @Ben_The_Gooner @Arsenal Of course. I am not a Arsenal fan though.","","","",""
"685871475216125952","685861125888585728","558797310","2016-01-09 17:11:17 +0000","<a href=""http://twitter.com/download/android"" rel=""nofollow"">Twitter for Android</a>","@ManUtd while it's a good team selecting all the first team players is kind of risky. Go @ManUtd","","","",""
"685867646919655424","685828073351200768","1283561876","2016-01-09 16:56:04 +0000","<a href=""http://twitter.com/download/android"" rel=""nofollow"">Twitter for Android</a>","@BSchweinsteiger come on Bastian let's do the business","","","",""
"685768971220471809","685766720729038848","87818409","2016-01-09 10:23:58 +0000","<a href=""http://twitter.com/download/android"" rel=""nofollow"">Twitter for Android</a>","@guardian it's so sad","","","",""
"685741566527324161","685740902535544832","1568130360","2016-01-09 08:35:04 +0000","<a href=""http://twitter.com"" rel=""nofollow"">Twitter Web Client</a>","@Annapurna_Post kaam kei garne hoina ... meeting garne matra ho chor haru .. don't understand why it is taking so long to resolve.","","","",""
"685741286414913537","","","2016-01-09 08:33:57 +0000","<a href=""http://twitter.com"" rel=""nofollow"">Twitter Web Client</a>","RT @ManUtd: The FA Cup journey begins for #mufc today against Sheffield United at 17:30 GMT. Come on! https://t.co/rkEMKZFQin","685740807366770688","558797310","2016-01-09 08:32:03 +0000","https://twitter.com/ManUtd/status/685740807366770688/photo/1,https://twitter.com/ManUtd/status/685740807366770688/photo/1"
"685738252943265792","685633396299665408","17536486","2016-01-09 08:21:54 +0000","<a href=""http://twitter.com"" rel=""nofollow"">Twitter Web Client</a>","@rogerhamilton @geniususocial It's true.","","","",""
"685736738195554308","","","2016-01-09 08:15:53 +0000","<a href=""http://twitter.com"" rel=""nofollow"">Twitter Web Client</a>","It's a shame that @MarshawnLynch24 cannot play on this wild card game #SEAvsMIN","","","",""
"685734084652355584","685732765891997696","14293310","2016-01-09 08:05:20 +0000","<a href=""http://twitter.com"" rel=""nofollow"">Twitter Web Client</a>","@TIME Looks really stunning. Looks like colored lines on a sheet of paper.","","","",""
"685731368140029952","685700211281281025","14788193","2016-01-09 07:54:33 +0000","<a href=""http://twitter.com"" rel=""nofollow"">Twitter Web Client</a>","@lomaspj Oli ko guff matra thulo ... kaam chai kei chaina","","","",""
"685731041970008064","685719711309557760","1557315432","2016-01-09 07:53:15 +0000","<a href=""http://twitter.com"" rel=""nofollow"">Twitter Web Client</a>","@HistoryInPix Awesome job. That's how all humans should behave.","","","",""
"685730877423271936","685722086740905984","68497896","2016-01-09 07:52:36 +0000","<a href=""http://twitter.com"" rel=""nofollow"">Twitter Web Client</a>","@RanveerOfficial Well deserved man. Congratulations.","","","",""
"685614629716754432","685476245686087681","20596281","2016-01-09 00:10:40 +0000","<a href=""http://twitter.com"" rel=""nofollow"">Twitter Web Client</a>","@UNDP @UNEP @UNDPaf This picture looks fantastic. Such a beautiful country so unfortunate with series of unfortunate events.","","","",""
"685613858371710976","685594204479737856","11348282","2016-01-09 00:07:36 +0000","<a href=""http://twitter.com"" rel=""nofollow"">Twitter Web Client</a>","@NASA While there are so many casualties with ELNINO but californians must be happy. Long standing drought might be eliminated.","","","",""
"685613583296679936","","","2016-01-09 00:06:30 +0000","<a href=""http://twitter.com"" rel=""nofollow"">Twitter Web Client</a>","RT @NASA: How is the El Nino weather phenomenon impacting California? Satellite animation shows storms over the past 3 days.
https://t.co/0‚Ä¶","685594204479737856","11348282","2016-01-08 22:49:30 +0000","https://amp.twimg.com/v/51602b43-8c03-4e12-b8dd-a5c0db11ee4b"
"685613355147472896","685612008083963904","14293310","2016-01-09 00:05:36 +0000","<a href=""http://twitter.com"" rel=""nofollow"">Twitter Web Client</a>","@TIME Jon Snow.","","","",""
"685612898639458305","685561877661913089","558797310","2016-01-09 00:03:47 +0000","<a href=""http://twitter.com"" rel=""nofollow"">Twitter Web Client</a>","@ManUtd Field some big names. Winning is so much important at this point for the confidence to move forward.","","","",""
"685611922838847488","685575577756119041","15492359","2016-01-08 23:59:55 +0000","<a href=""http://twitter.com"" rel=""nofollow"">Twitter Web Client</a>","@TEDTalks That would be in a different era. I don't think that would be happening in our time. THough I would love to see that.","","","",""
"685611620643426304","685581756565606400","29856819","2016-01-08 23:58:43 +0000","<a href=""http://twitter.com"" rel=""nofollow"">Twitter Web Client</a>","@theRealKiyosaki Rich dad is such as awesome book. Of course it is opportunities that we need to look but it is so challenging to find out.","","","",""
"685611140622073857","685589322813313024","14293310","2016-01-08 23:56:48 +0000","<a href=""http://twitter.com"" rel=""nofollow"">Twitter Web Client</a>","@TIME Wow amazing.","","","",""
"685610427426844672","685470455155691520","4324548016","2016-01-08 23:53:58 +0000","<a href=""http://twitter.com"" rel=""nofollow"">Twitter Web Client</a>","@TinaLG_Realtor @successmajor_ Sure thing. A man is known by the company he keeps. Different culture have their own proverb for this thing.","","","",""
"685610215807397888","","","2016-01-08 23:53:08 +0000","<a href=""http://twitter.com"" rel=""nofollow"">Twitter Web Client</a>","RT @wxjay: I will be looking for grad students to work on sub-seasonal prediction and other climate dynamics projects. Stop by! https://t.c‚Ä¶","685578761958330368","19908047","2016-01-08 21:48:08 +0000","https://twitter.com/Parsons_OUMet/status/685549041627734016"
"685609710884524033","685607856947605504","3287869802","2016-01-08 23:51:07 +0000","<a href=""http://twitter.com"" rel=""nofollow"">Twitter Web Client</a>","@successmajor_ Absolutely. There are still some countries out there where they cannot choose their actions.","","","",""
"685609087908761600","","","2016-01-08 23:48:39 +0000","<a href=""http://twitter.com"" rel=""nofollow"">Twitter Web Client</a>","RT @successmajor_: This is our greatest power - the power to choose our actions.
#SuccessMajor","685607856947605504","3287869802","2016-01-08 23:43:45 +0000",""
"685596957088157696","","","2016-01-08 23:00:27 +0000","<a href=""http://twitter.com"" rel=""nofollow"">Twitter Web Client</a>","RT @EFDC_Explorer: Raging Floodwater Released from Oklahoma Dam after historic flooding. https://t.co/xSCmqoh5ph  #EE has been used to mode‚Ä¶","685596350914797568","351972911","2016-01-08 22:58:02 +0000","https://youtu.be/v_Iy2DhmnDU,https://youtu.be/v_Iy2DhmnDU"
"685520958992429056","","","2016-01-08 17:58:27 +0000","<a href=""http://twitter.com"" rel=""nofollow"">Twitter Web Client</a>","ISIS fighter executes own mother in Syria for 'apostasy,' rights groups say @CNN https://t.co/8FsFCfG7HH","","","","http://cnn.it/1ZR67EJ"
"685512488293502977","","","2016-01-08 17:24:48 +0000","<a href=""http://twitter.com"" rel=""nofollow"">Twitter Web Client</a>","A new generation of EFDC plus coming soon that integrates EFDC_DSI, EFDC_OMP, EFDC_SGZ @EFDC_Explorer #EFDCPLUS #EE https://t.co/qMXOr45BHM","","","","http://www.efdc-explorer.com/efdc-plus/"
"685202203242397696","685180374956269570","14293310","2016-01-07 20:51:50 +0000","<a href=""http://twitter.com"" rel=""nofollow"">Twitter Web Client</a>","@TIME Looks pretty cool. What is the maximum speed it travels ?","","","",""
"685195771818315776","685188389692375040","5520952","2016-01-07 20:26:16 +0000","<a href=""http://twitter.com"" rel=""nofollow"">Twitter Web Client</a>","@paulocoelho I don't think so. Unless you forget and let it go  you cannot get peace with that person.","","","",""
"684782327155671040","684776452924030979","14293310","2016-01-06 17:03:24 +0000","<a href=""http://twitter.com"" rel=""nofollow"">Twitter Web Client</a>","@TIME That's some interesting points.","","","",""
"684781588370948097","","","2016-01-06 17:00:27 +0000","<a href=""http://twitter.com"" rel=""nofollow"">Twitter Web Client</a>","RT @TIME: 6 things the most productive people do every day https://t.co/aNMym55meJ","684776452924030979","14293310","2016-01-06 16:40:03 +0000","http://ti.me/1mG1pen,http://ti.me/1mG1pen"
"684491944404189184","","","2016-01-05 21:49:31 +0000","<a href=""http://twitter.com"" rel=""nofollow"">Twitter Web Client</a>","RT @ClimateReality: Methane is erupting from this natural gas facility at an incredible rate of 110,000 lbs/hour https://t.co/cAMXQWfG8B ht‚Ä¶","684487785248636928","16958346","2016-01-05 21:32:59 +0000","http://bit.ly/1PG9mdp,http://bit.ly/1PG9mdp,https://twitter.com/ClimateReality/status/684487785248636928/photo/1"
"684479831581437953","684018824778264576","97505313","2016-01-05 21:01:23 +0000","<a href=""http://twitter.com"" rel=""nofollow"">Twitter Web Client</a>","@slowkow May be you wanna inform users that ""stringi"" package needs to be installed first.","","","",""
"684473906183323648","684470325220868096","97505313","2016-01-05 20:37:50 +0000","<a href=""http://twitter.com"" rel=""nofollow"">Twitter Web Client</a>","@slowkow @hadleywickham Looks awesome. I will definitely try out ggrepel.","","","",""
"684469877181042688","","","2016-01-05 20:21:50 +0000","<a href=""http://twitter.com"" rel=""nofollow"">Twitter Web Client</a>","RT @TEDTalks: ""For developing countries, software companies and space ships may not be as important as taps and toilets."" https://t.co/bRlc‚Ä¶","684431499291156480","15492359","2016-01-05 17:49:20 +0000","http://t.ted.com/Qyd7BTV"
"684469792296710144","684456254056611840","15492359","2016-01-05 20:21:29 +0000","<a href=""http://twitter.com"" rel=""nofollow"">Twitter Web Client</a>","@TEDTalks @_wernicke interesting perspective.","","","",""
"684468651311812608","684468186507415553","265902729","2016-01-05 20:16:57 +0000","<a href=""http://twitter.com"" rel=""nofollow"">Twitter Web Client</a>","@BBCSport Poor Benitez. What other words can he say ?","","","",""
"684465082760167425","684464716622598144","86197429","2016-01-05 20:02:47 +0000","<a href=""http://twitter.com"" rel=""nofollow"">Twitter Web Client</a>","@uwpoe Thank you for your reply. I would love to get an invite in online events in future.","","","",""
"684460926188175360","684445946147557376","86197429","2016-01-05 19:46:16 +0000","<a href=""http://twitter.com"" rel=""nofollow"">Twitter Web Client</a>","@uwpoe @UW_CoEnv @UW Can we attend this online ? Or will you have a recorded archive ?","","","",""
"684128777647951872","","","2016-01-04 21:46:25 +0000","<a href=""http://twitter.com"" rel=""nofollow"">Twitter Web Client</a>","Good luck to @ZidaneOfficial_ for Real Madrid.","","","",""
"684090248997900288","","","2016-01-04 19:13:19 +0000","<a href=""http://twitter.com"" rel=""nofollow"">Twitter Web Client</a>","Don't like the culture of Real Madrid sacking the managers so often. @rafabenitezweb didn't do a bad job.","","","",""
"683332698828505088","","","2016-01-02 17:03:05 +0000","<a href=""http://twitter.com/download/android"" rel=""nofollow"">Twitter for Android</a>","Finally a win from @ManUtd . Great performance by Martial and Young.  Good goal by Rooney.  Super @D_DeGea https://t.co/OcVYdeNpSa","","","","https://twitter.com/janeshdev/status/683332698828505088/photo/1"
"683058430983028736","682881327314677760","1283561876","2016-01-01 22:53:15 +0000","<a href=""http://twitter.com/download/android"" rel=""nofollow"">Twitter for Android</a>","@BSchweinsteiger happy new year Bastian.","","","",""
"683058183158407168","","","2016-01-01 22:52:16 +0000","<a href=""http://twitter.com/download/android"" rel=""nofollow"">Twitter for Android</a>","RT @HectorBellerin: .@pumafootball x @Arsenal competition! Win a signed shirt &amp; a pair of my #evoSPEED boots. RT this tweet to enter. https‚Ä¶","682544712671195136","191985864","2015-12-31 12:51:55 +0000","https://twitter.com/HectorBellerin/status/682544712671195136/photo/1"
"682880869686579201","","","2016-01-01 11:07:41 +0000","<a href=""http://twitter.com/download/android"" rel=""nofollow"">Twitter for Android</a>","Happy new year to everyone around the world.","","","",""
"682708958000226304","682697848891129856","265902729","2015-12-31 23:44:34 +0000","<a href=""http://twitter.com"" rel=""nofollow"">Twitter Web Client</a>","@BBCSport Posting different pic just to get click ?","","","",""
"682708720401317888","","","2015-12-31 23:43:37 +0000","<a href=""http://twitter.com"" rel=""nofollow"">Twitter Web Client</a>","Happy new year 2016 to everyone around the world.","","","",""
"682621261407633408","682620980213100544","265902729","2015-12-31 17:56:05 +0000","<a href=""http://twitter.com"" rel=""nofollow"">Twitter Web Client</a>","@BBCSport @GNev2 has a long way to go. But I think he will prevail.","","","",""
"682617129741385728","","216299334","2015-12-31 17:39:40 +0000","<a href=""http://twitter.com"" rel=""nofollow"">Twitter Web Client</a>","@piersmorgan where do you rank Ozil and Sanchez ?","","","",""
"682421307221217280","","","2015-12-31 04:41:33 +0000","<a href=""http://twitter.com"" rel=""nofollow"">Twitter Web Client</a>","RT @ClimateReality: Wow. November 2015 was the seventh month in a row to break a global temperature record https://t.co/fbEzibq0tn https://‚Ä¶","682413867956318209","16958346","2015-12-31 04:11:59 +0000","http://nyti.ms/1QXlhoS,http://nyti.ms/1QXlhoS,https://twitter.com/ClimateReality/status/682413867956318209/photo/1"
"682338759812067328","","","2015-12-30 23:13:32 +0000","<a href=""http://twitter.com"" rel=""nofollow"">Twitter Web Client</a>","RT @ClimateReality: When there‚Äôs a huge solar energy spill, it‚Äôs just called ""a nice day."" #PutSolarOnIt https://t.co/7YTkhVi7cV","682323775917023232","16958346","2015-12-30 22:13:59 +0000","https://twitter.com/ClimateReality/status/682323775917023232/photo/1,https://twitter.com/ClimateReality/status/682323775917023232/photo/1"
"681541106312417280","","","2015-12-28 18:23:56 +0000","<a href=""http://twitter.com"" rel=""nofollow"">Twitter Web Client</a>","A good first half performance by Red devils. Unlucky that they didn't score. More of the same in second half @ManUtd #manutdvschelsea","","","",""
"681522090369941504","","","2015-12-28 17:08:23 +0000","<a href=""http://twitter.com"" rel=""nofollow"">Twitter Web Client</a>","RT @ManUtd: #mufc XI: De Gea, Darmian, Smalling, Blind, Young, Schneiderlin, Schweinsteiger, Mata, Herrera, Martial, Rooney. https://t.co/J‚Ä¶","681512471824302080","558797310","2015-12-28 16:30:09 +0000","https://twitter.com/ManUtd/status/681512471824302080/photo/1"
"680693432017264640","","","2015-12-26 10:15:35 +0000","<a href=""http://twitter.com/download/android"" rel=""nofollow"">Twitter for Android</a>","RT @paulocoelho: When sharing your problems with others:
5% will help, 
15% will not care
80% will be happy you have them","680593132094943232","5520952","2015-12-26 03:37:02 +0000",""
"678829721342205952","","","2015-12-21 06:49:52 +0000","<a href=""http://twitter.com/download/android"" rel=""nofollow"">Twitter for Android</a>","RT @lomaspj: RIP Padam Sir! I still remember the orientation class given by you in Pulchowk Campus.. sad that you are no more... https://t.‚Ä¶","678429493267066881","14788193","2015-12-20 04:19:30 +0000","http://fb.me/70UDaxeUh"
"678829442026704896","","","2015-12-21 06:48:45 +0000","<a href=""http://twitter.com/download/android"" rel=""nofollow"">Twitter for Android</a>","A brilliant performance from @RanveerOfficial in Bajirao Mastani . Awesome movie #BajiraoMastani","","","",""
"678303097475608576","","","2015-12-19 19:57:15 +0000","<a href=""http://twitter.com/download/android"" rel=""nofollow"">Twitter for Android</a>","Disappointing display from United.  #VanGaalOut","","","",""
"677950302104907776","","","2015-12-18 20:35:22 +0000","<a href=""http://twitter.com"" rel=""nofollow"">Twitter Web Client</a>","RT @SkyFootball: With @WayneRooney set to make play his 500th @ManUtd game, we look at his career in numbers: https://t.co/phd1nzFZfD https‚Ä¶","677833646758363136","713993413","2015-12-18 12:51:49 +0000","http://skysports.tv/8WxqaS,http://skysports.tv/8WxqaS,https://twitter.com/SkyFootball/status/677833646758363136/photo/1"
"670014530794033152","","","2015-11-26 23:01:27 +0000","<a href=""http://twitter.com"" rel=""nofollow"">Twitter Web Client</a>","Enter for a chance to win IMAX¬Æ tickets to see The Hunger Games: Mockingjay Part 2 The IMAX Experience &amp; 2 posters https://t.co/DepA3fKIhX","","","","http://www.panempropaganda.com/movie-countdown/2015/11/24/giveaway-enter-for-a-chance-to-win-imax-tickets-to-see-the-h.html/?utm_content=buffer38e0e&utm_medium=social&utm_source=facebook.com&utm_campaign=buffer"
"665801405106491398","","","2015-11-15 07:59:59 +0000","<a href=""http://twitter.com"" rel=""nofollow"">Twitter Web Client</a>","RT @MazBONAFIDE: My name is Maz Hussain Raja. I am a Muslim. I condemn the #ParisAttack. Over 1.5 billion Muslims do. 

Please remember thi‚Ä¶","665326061874364416","51734182","2015-11-14 00:31:08 +0000",""
"665801249674018816","665297436261355521","236487888","2015-11-15 07:59:22 +0000","<a href=""http://twitter.com"" rel=""nofollow"">Twitter Web Client</a>","@WalshFreedom What are you trying to say ? Islam didn't do this. Remember the difference between ISIS and Islam. Don't just spit words.","","","",""
"659797884120858624","","","2015-10-29 18:24:08 +0000","<a href=""http://twitter.com"" rel=""nofollow"">Twitter Web Client</a>","RT @slickdeals: Win a $200 Visa Gift Card @slickdeals #giveaway https://t.co/yKE2oy7tHy","659625804184227840","7542702","2015-10-29 07:00:21 +0000","http://slickdeals.net/giveaway/5149/?utm_campaign=5149&utm_medium=giveawaytweet&utm_source=twitter,http://slickdeals.net/giveaway/5149/?utm_campaign=5149&utm_medium=giveawaytweet&utm_source=twitter"
"648263842066108416","","","2015-09-27 22:31:58 +0000","<a href=""http://twitter.com/download/android"" rel=""nofollow"">Twitter for Android</a>","Yes, apology required  https://t.co/4DTRBTZRSV","","","","https://twitter.com/KanakManiDixit/status/647722744587530240"
"648263714068541441","","","2015-09-27 22:31:28 +0000","<a href=""http://twitter.com/download/android"" rel=""nofollow"">Twitter for Android</a>","RT @BSchweinsteiger: #mufc number 1, top of the @premierleague http://t.co/S9SNhKEkCp","648155352895221760","1283561876","2015-09-27 15:20:52 +0000","https://twitter.com/BSchweinsteiger/status/648155352895221760/photo/1,https://twitter.com/BSchweinsteiger/status/648155352895221760/photo/1"
"647527801533280256","","351972911","2015-09-25 21:47:13 +0000","<a href=""http://twitter.com"" rel=""nofollow"">Twitter Web Client</a>","@EFDC_Explorer EFDC Explorer training in Edmonds from 2015-09-28 to 2015-10-02.","","","",""
"647127866035990529","","","2015-09-24 19:18:00 +0000","<a href=""http://twitter.com"" rel=""nofollow"">Twitter Web Client</a>","Manchester United v Ipswich Town - highlights http://t.co/G7zQomCs5d via @footytube","","","","http://www.footytube.com/video/manchester-united-ipswich-town-sep23-372596"
"646789041598304256","","","2015-09-23 20:51:38 +0000","<a href=""http://twitter.com"" rel=""nofollow"">Twitter Web Client</a>","#AnthonyMartial 4 goals in four matches. What a player.","","","",""
"646735629158453248","","","2015-09-23 17:19:24 +0000","<a href=""http://twitter.com"" rel=""nofollow"">Twitter Web Client</a>","Back off India. #BackOffIndia  https://t.co/mLnSaZdxf2","","","","https://twitter.com/DeShobhaa/status/646548346820104192"
"646727963422035969","","","2015-09-23 16:48:56 +0000","<a href=""http://twitter.com"" rel=""nofollow"">Twitter Web Client</a>","Manchester United vs Ipswich Town at 12 PST today. Hope Red Devils will march to the victory.","","","",""
"646550619600252928","","","2015-09-23 05:04:14 +0000","<a href=""http://twitter.com/download/android"" rel=""nofollow"">Twitter for Android</a>","RT @DahalTbd: ‡§ï‡§∏‡•à‡§ï‡•ã ‡§ö‡§ø‡§§‡•ç‡§§ ‡§¨‡•Å‡§ù‡•ã‡§∏ ‡§®‡§¨‡•Å‡§ù‡•ã‡§∏ ‡§π‡§ø‡§®‡•ç‡§¶‡•Å‡§∏‡•ç‡§§‡§æ‡§®‡•Ä ‡§¶‡§æ‡§¶‡§æ‡§ó‡§ø‡§∞‡•Ä ‡§ñ‡§ø‡§≤‡§æ‡§´ ‡§â‡§≠‡§ø‡§®‡•ç‡§¶‡§æ ‡§ú‡§æ‡§ó‡§ø‡§∞ ‡§µ‡§æ ‡§ú‡§ø‡§µ‡§® ‡§ó‡•Å‡§Æ‡§æ‡§è‡§ï‡§æ‡§π‡§∞‡•Å ‡§Ø‡§ø‡§®‡•à ‡§π‡•Å‡§®
‡§®‡•á‡§™‡§æ‡§≤‡•Ä ‡§ö‡§ø‡§§‡•ç‡§§‡§≤‡•á ‡§∏‡•ã‡§ö‡•å‡§Ç ‡§§ http://‚Ä¶","646515378177228800","1041367052","2015-09-23 02:44:12 +0000","https://twitter.com/DahalTbd/status/646515378177228800/photo/1"
"646550589938118656","","","2015-09-23 05:04:07 +0000","<a href=""http://twitter.com/download/android"" rel=""nofollow"">Twitter for Android</a>","RT @DahalTbd: ‡§¶‡•á‡§∂‡§ï‡•ã ‡§∏‡§Ç‡§ï‡§ü‡§π‡§∞‡§£ ‡§ó‡§∞‡•ç‡§® ‡§Ö‡§æ‡§™‡•Å‡§∞‡•ç‡§§‡§ø ‡§Æ‡§Ç‡§§‡•ç‡§∞‡§ø ‡§Ø‡•Å‡§∞‡•ã‡§™ 
‡§∏‡§Ç‡§ö‡§æ‡§∞ ‡§ï‡§§‡§æ‡§∞ ‡§∞ 
‡§™‡•ç‡§∞‡§Æ ‡§Ö‡§Æ‡•á‡§∞‡§ø‡§ï‡§æ 
‡§≠‡§æ‡§Å‡§°‡§Æ‡•á ‡§ú‡§æ‡§è ‡§π‡§ø‡§®‡•ç‡§¶‡•Å‡§∏‡•ç‡§§‡§æ‡§®‡§ø ‡§¶‡§æ‡§¶‡§æ‡§ó‡§ø‡§∞‡•Ä 
‡§ï‡•ç‡§Ø‡§æ ‡§Æ‡•Å‡§≤‡•Å‡§ï ‡§õ ‡§π‡§æ‡§Æ‡•ç‡§∞‡•ã","646503567902113792","1041367052","2015-09-23 01:57:16 +0000",""
"646415028581715968","","","2015-09-22 20:05:27 +0000","<a href=""http://twitter.com"" rel=""nofollow"">Twitter Web Client</a>","#Amexoffers","","","",""
"646411382351523840","","","2015-09-22 19:50:57 +0000","<a href=""http://twitter.com"" rel=""nofollow"">Twitter Web Client</a>","5 goals by Lewandowski in 9 minutes. What an achievement.","","","",""
"646410888459587585","","","2015-09-22 19:49:00 +0000","<a href=""http://twitter.com"" rel=""nofollow"">Twitter Web Client</a>","RT @nepalitimes: ""New constitution has institutionalised #Nepal as a federal democratic republic"" http://t.co/jVz40SwAzt http://t.co/iBLsA7‚Ä¶","645574894504165376","74679662","2015-09-20 12:27:03 +0000","http://bit.ly/1iZHl5m,http://bit.ly/1iZHl5m,https://twitter.com/nepalitimes/status/645574894504165376/photo/1"
"628645862722265088","","","2015-08-04 19:17:08 +0000","<a href=""http://twitter.com"" rel=""nofollow"">Twitter Web Client</a>","#Amexnewegg","","","",""
"627167224944418816","","","2015-07-31 17:21:33 +0000","<a href=""http://twitter.com"" rel=""nofollow"">Twitter Web Client</a>","#AmexExxonMobil","","","",""
"627167090923847680","","","2015-07-31 17:21:01 +0000","<a href=""http://twitter.com"" rel=""nofollow"">Twitter Web Client</a>","Sign me up! #AmexExxonMobil","","","",""
"620222822070157314","","","2015-07-12 13:26:58 +0000","<a href=""http://twitter.com/download/iphone"" rel=""nofollow"">Twitter for iPhone</a>","Federer is playing pretty well this season. I think he will win. @BBCSport vote","","","",""
"620221563380445185","","","2015-07-12 13:21:58 +0000","<a href=""http://twitter.com/download/iphone"" rel=""nofollow"">Twitter for iPhone</a>","Come on Federer. #Wimbledon2015 #Federer","","","",""
"619232241630101504","","","2015-07-09 19:50:45 +0000","<a href=""http://twitter.com"" rel=""nofollow"">Twitter Web Client</a>","Murray vs Federer would be a good match. Hoping that @rogerfederer goes through to #Wimbledon2015 final.","","","",""
"595119945802907648","","","2015-05-04 06:57:06 +0000","<a href=""http://twitter.com"" rel=""nofollow"">Twitter Web Client</a>","What's going on India Tv ? Who said Thamel is Mini India of kathmandu ? #GoHomeIndianMedia","","","",""
"455063297495416832","","","2014-04-12 19:21:59 +0000","<a href=""http://twitter.com"" rel=""nofollow"">Twitter Web Client</a>","Arsenal just survived. Congrats for going to final.","","","",""
"443834942616010753","","78376790","2014-03-12 19:44:31 +0000","<a href=""http://twitter.com"" rel=""nofollow"">Twitter Web Client</a>","@Delveyboy will sopcast work for Barcelona City game today ?","","","",""
"432544304997744640","","","2014-02-09 15:59:33 +0000","<a href=""http://twitter.com"" rel=""nofollow"">Twitter Web Client</a>","Hope to see a good game today.","","","",""
"432165552904503296","","","2014-02-08 14:54:31 +0000","<a href=""http://twitter.com"" rel=""nofollow"">Twitter Web Client</a>","RT @Chri5_Hillier: @Bloodzeed http://t.co/BDO2vKTD6v","432154264455352322","986379037","2014-02-08 14:09:40 +0000","https://twitter.com/Chri5_Hillier/status/432154264455352322/photo/1,https://twitter.com/Chri5_Hillier/status/432154264455352322/photo/1"
"432147546438242305","","","2014-02-08 13:42:58 +0000","<a href=""http://twitter.com"" rel=""nofollow"">Twitter Web Client</a>","What an awesome performance by Liverpool.","","","",""
"428284844028608513","","","2014-01-28 21:53:58 +0000","<a href=""http://twitter.com"" rel=""nofollow"">Twitter Web Client</a>","Finally a comfortable win for United. #ManUtd","","","",""
"428242488294268928","","","2014-01-28 19:05:40 +0000","<a href=""http://twitter.com/download/android"" rel=""nofollow"">Twitter for Android</a>","Excited for today's match. Very eager to see Rooney, Mata, Van Persie, and Januzaj on the same match. #manutd","","","",""
"428234564167684096","","","2014-01-28 18:34:10 +0000","<a href=""http://twitter.com/download/android"" rel=""nofollow"">Twitter for Android</a>","I.wonder why United didn't go for Cabaye. He went for a mere 20 million.","","","",""
"428211646620647424","428165687350009856","837795091","2014-01-28 17:03:07 +0000","<a href=""http://twitter.com/download/android"" rel=""nofollow"">Twitter for Android</a>","@adhikarichhabi Tyehai ta maile hijo socheko thiye. Jhoor bhayecha ta.","","","",""
"427811730626867202","427439834773217280","837795091","2014-01-27 14:33:59 +0000","<a href=""http://twitter.com/download/android"" rel=""nofollow"">Twitter for Android</a>","@adhikarichhabi la badhai cha. Good luck.","","","",""
"427360063322193920","","","2014-01-26 08:39:13 +0000","<a href=""http://twitter.com/download/android"" rel=""nofollow"">Twitter for Android</a>","Come on #Stanimal Wawrinka","","","",""
"427321674611314688","","","2014-01-26 06:06:41 +0000","<a href=""http://twitter.com"" rel=""nofollow"">Twitter Web Client</a>","RT @letstalktennis1: Show your support for Stan with #SupportStan http://t.co/vdMyH7XvXe","427127226652721153","1047611400","2014-01-25 17:14:01 +0000","https://twitter.com/letstalktennis1/status/427127226652721153/photo/1,https://twitter.com/letstalktennis1/status/427127226652721153/photo/1"
"427213788337553408","427208629314285568","140750163","2014-01-25 22:57:59 +0000","<a href=""http://twitter.com"" rel=""nofollow"">Twitter Web Client</a>","@juanmata10 @ManUtd Welcome to Manchester @ManUtd","","","",""
"427213657479864320","","","2014-01-25 22:57:27 +0000","<a href=""http://twitter.com"" rel=""nofollow"">Twitter Web Client</a>","RT @juanmata10: I can confirm that I'm a new player of @ManUtd. Os confirmo que ya soy nuevo jugador del @ManUtd_Es http://t.co/Jhu1iW8GIU","427203164735950851","140750163","2014-01-25 22:15:46 +0000","https://twitter.com/juanmata10/status/427203164735950851/photo/1,https://twitter.com/juanmata10/status/427203164735950851/photo/1"
"418839084677623808","418692111584616449","216299334","2014-01-02 20:19:54 +0000","<a href=""http://twitter.com"" rel=""nofollow"">Twitter Web Client</a>","@piersmorgan @henrygayle What has Arsenal won in the last 9 years and you are speaking BS .","","","",""
"412249221908414464","","","2013-12-15 15:54:08 +0000","<a href=""http://twitter.com/download/android"" rel=""nofollow"">Twitter for Android</a>","Looking forward to the game between Liverpool and Spurs","","","",""
"409445611516465153","","","2013-12-07 22:13:35 +0000","<a href=""http://twitter.com/download/android"" rel=""nofollow"">Twitter for Android</a>","Come on Auburn.","","","",""
"409025073765289984","","","2013-12-06 18:22:31 +0000","<a href=""http://twitter.com"" rel=""nofollow"">Twitter Web Client</a>","Tough draw for England.","","","",""
"407233259743870977","","","2013-12-01 19:42:29 +0000","<a href=""https://dev.twitter.com/docs/tfw"" rel=""nofollow"">Twitter for Websites</a>","#AmexAmazon","","","",""
"386630159245524992","","","2013-10-05 23:13:07 +0000","<a href=""http://twitter.com/download/android"" rel=""nofollow"">Twitter for Android</a>","Touchdown Auburn well played Mason.","","","",""
"386625867461709824","","","2013-10-05 22:56:04 +0000","<a href=""http://twitter.com/download/android"" rel=""nofollow"">Twitter for Android</a>","War damn eagle.","","","",""
"385651419258175488","","","2013-10-03 06:23:58 +0000","<a href=""http://twitter.com"" rel=""nofollow"">Twitter Web Client</a>","A good point to Manchester United under current circumstances but very slow and lacklusture performance in the middle of the park. #ManUtd","","","",""
"378947374296870912","","","2013-09-14 18:24:29 +0000","<a href=""http://twitter.com/download/android"" rel=""nofollow"">Twitter for Android</a>","Well played #Everton","","","",""
"374684942623440896","","","2013-09-03 00:07:06 +0000","<a href=""http://twitter.com"" rel=""nofollow"">Twitter Web Client</a>","Wow, what a win for Tommy Robredo !!!!","","","",""
"374659993938579456","374659684294074368","375536678","2013-09-02 22:27:58 +0000","<a href=""http://twitter.com"" rel=""nofollow"">Twitter Web Client</a>","@Bloodzeed Is it true that Fellaini signed for United ?","","","",""
"374652251605708801","","","2013-09-02 21:57:12 +0000","<a href=""http://twitter.com"" rel=""nofollow"">Twitter Web Client</a>","#Edwoodwardout What the hell are you doing ? Bring back #DavidGill","","","",""
"374648555492753409","","","2013-09-02 21:42:30 +0000","<a href=""http://twitter.com"" rel=""nofollow"">Twitter Web Client</a>","Last 20 minutes and no signings yet..... #ManUtd","","","",""
"374643050435190784","","","2013-09-02 21:20:38 +0000","<a href=""http://twitter.com"" rel=""nofollow"">Twitter Web Client</a>","Damn my beloved #United couldn't sign high profile players.","","","",""
"374642079927779328","","","2013-09-02 21:16:47 +0000","<a href=""http://twitter.com"" rel=""nofollow"">Twitter Web Client</a>","Congratulations to #Arsenal for signing #Ozil","","","",""
"374607453700096000","","","2013-09-02 18:59:11 +0000","<a href=""http://twitter.com"" rel=""nofollow"">Twitter Web Client</a>","Not any signings for United yet ?","","","",""
"374512519710142464","","","2013-09-02 12:41:57 +0000","<a href=""http://twitter.com"" rel=""nofollow"">Twitter Web Client</a>","It's sad to see #Moyes not going after #Ozil","","","",""
"374511846041997314","374511531787952128","375536678","2013-09-02 12:39:16 +0000","<a href=""http://twitter.com"" rel=""nofollow"">Twitter Web Client</a>","@Bloodzeed @indykaila any news regarding #Manchester United ?","","","",""
"374511459658510337","","","2013-09-02 12:37:44 +0000","<a href=""http://twitter.com"" rel=""nofollow"">Twitter Web Client</a>","Any new signings for Manchester United ? It's so frustrating to see United not being involved in transfer at all. #Manchester United #Moyes","","","",""
"368832941209567232","","","2013-08-17 20:33:20 +0000","<a href=""http://twitter.com/download/android"" rel=""nofollow"">Twitter for Android</a>","Perfect start from United.","","","",""
"368404628356218880","368239463517798400","18211878","2013-08-16 16:11:22 +0000","<a href=""http://twitter.com/download/android"" rel=""nofollow"">Twitter for Android</a>","@babinz good for you.","","","",""
"368104319289393152","","","2013-08-15 20:18:03 +0000","<a href=""http://twitter.com/download/android"" rel=""nofollow"">Twitter for Android</a>","Well played Federer.","","","",""
"368089361478606848","","","2013-08-15 19:18:37 +0000","<a href=""http://twitter.com/download/android"" rel=""nofollow"">Twitter for Android</a>","Sorry for people in Egypt.","","","",""
"368083968044052480","","","2013-08-15 18:57:11 +0000","<a href=""http://twitter.com/download/android"" rel=""nofollow"">Twitter for Android</a>","Whats happening to Federer. COME on ...... #Federer","","","",""
"366641635817295873","","","2013-08-11 19:25:52 +0000","<a href=""http://twitter.com/download/android"" rel=""nofollow"">Twitter for Android</a>","Hoping for  a nice game on Rogers cup final","","","",""
"364030159243837440","363718168058929152","69660252","2013-08-04 14:28:47 +0000","<a href=""http://twitter.com/download/android"" rel=""nofollow"">Twitter for Android</a>","@rajandevkota keto ko daro geet haru jadai cha jehos.","","","",""
"342322168954241024","","628011414","2013-06-05 16:48:59 +0000","<a href=""http://twitter.com"" rel=""nofollow"">Twitter Web Client</a>","@devkotajanan r u travelling ?","","","",""
"342321929392377856","","69660252","2013-06-05 16:48:02 +0000","<a href=""http://twitter.com"" rel=""nofollow"">Twitter Web Client</a>","@rajandevkota what's up dude. Long time no see.","","","",""
"336937925809938432","","","2013-05-21 20:13:56 +0000","<a href=""https://www.copy.com/"" rel=""nofollow"">Copy.com</a>","I just signed up for @CopyApp and got 15 GB free online storage! #tweetFor2GBMore
http://t.co/6WTO4oSHiJ","","","","http://copy.com/?s=twitter.usr.tour"
"292796060013834240","","","2013-01-20 00:49:55 +0000","<a href=""http://twitter.com"" rel=""nofollow"">Twitter Web Client</a>","Finally Barcelona got beaten.","","","",""
"291629090841178113","291578266966441984","25052176","2013-01-16 19:32:48 +0000","<a href=""http://twitter.com"" rel=""nofollow"">Twitter Web Client</a>","@ShirajPokharel that was little bit shocking. I thought he was coming to England.","","","",""
"291411825227087872","","","2013-01-16 05:09:27 +0000","<a href=""http://twitter.com"" rel=""nofollow"">Twitter Web Client</a>","RT @piersmorgan: BREAKING: 2nd school shooting in America today - 2 reportedly dead, 1 wounded, at community college in Kentucky. #CNN","291348648128815105","216299334","2013-01-16 00:58:25 +0000",""
"287650111805329408","287156588781924352","216299334","2013-01-05 20:01:45 +0000","<a href=""http://twitter.com/download/android"" rel=""nofollow"">Twitter for Android</a>","@piersmorgan @paddypower I think Rafael is far better than Sagna","","","",""
"287649251331297281","287600348724617216","216299334","2013-01-05 19:58:20 +0000","<a href=""http://twitter.com/download/android"" rel=""nofollow"">Twitter for Android</a>","@piersmorgan yes definitely he is a fantastic player","","","",""
"287648911085146112","287642685723013120","216299334","2013-01-05 19:56:59 +0000","<a href=""http://twitter.com/download/android"" rel=""nofollow"">Twitter for Android</a>","@piersmorgan lack of ambition of Arsenal is the reason for losing its best players","","","",""
"287645796676014080","286871157246943232","18218149","2013-01-05 19:44:36 +0000","<a href=""http://twitter.com"" rel=""nofollow"">Twitter Web Client</a>","@baralsujan Nice time lapse videos indeed.","","","",""
"287645072663650304","","","2013-01-05 19:41:44 +0000","<a href=""http://twitter.com"" rel=""nofollow"">Twitter Web Client</a>","Fantastic Equalizer by Van Persie. Give him just one chance and see the magic.","","","",""
"236201941515001857","","230845588","2012-08-16 20:45:05 +0000","<a href=""http://twitter.com"" rel=""nofollow"">Twitter Web Client</a>","@Persie_Official welcome to Manchester United","","","",""
"224357064821047296","224179378731487232","18218149","2012-07-15 04:17:47 +0000","<a href=""http://twitter.com"" rel=""nofollow"">Twitter Web Client</a>","@baralsujan sahi cha la photo","","","",""
"224356944088018945","","","2012-07-15 04:17:18 +0000","<a href=""http://twitter.com"" rel=""nofollow"">Twitter Web Client</a>","Very tired. But no time for break.","","","",""
"13404637008","","","2010-05-05 00:00:00 +0000","<a href=""http://twitter.com"" rel=""nofollow"">Twitter Web Client</a>","Reading: http://tinyurl.com/yl6lf54 - Automatic Image Slider w/ CSS","","","",""
"11575311604","","","2010-04-04 00:00:00 +0000","<a href=""http://twitter.com"" rel=""nofollow"">Twitter Web Client</a>","I just updated my Squidoo page: Amazing Adventures in Nepal / http://tinyurl.com/yjcbxfd","","","",""
"9685394702","9672248958","18218149","2010-02-26 00:00:00 +0000","<a href=""http://twitter.com"" rel=""nofollow"">Twitter Web Client</a>","@baralsujan k bhayo ra baral ?","","","",""
"9648446182","","14632998","2010-02-25 00:00:00 +0000","<a href=""http://twitter.com"" rel=""nofollow"">Twitter Web Client</a>","@EzineArticles - I pledge to write and submit at least 100 articles before Apr 10 for the 3rd HAHD Challenge. Go me! http://is.gd/5xWJW","","","",""
"9648720838","6441028607","69660252","2010-02-25 00:00:00 +0000","<a href=""http://twitter.com"" rel=""nofollow"">Twitter Web Client</a>","@rajandevkota what's this ?","","","",""
"3609879351","","","2009-08-28 00:00:00 +0000","<a href=""http://twitter.com"" rel=""nofollow"">Twitter Web Client</a>","Waiting for weekend.","","","",""
"2800553418","","","2009-07-23 00:00:00 +0000","<a href=""http://twitter.com"" rel=""nofollow"">Twitter Web Client</a>","listening music","","","",""
